,00 - Medlemstype (radio),0 - K√∏n (radio),01 - Rutebyg - h√∏jde (slider),02 - Rutebyg - mit niveau (radio),Rutebyg - kommentarer (textarea),10c - NKKs stemning - kommentarer (textfield),13 - Frivillighed - Kommentarer (textarea)
30,normal,,180,,"""Jeg syntes at I g√∏r det pisse godt, m√•ske lidt sandbagged til tider, men fede og varierede problemer""",,
32,normal,,175,,"""I perioder er der meget f√• problemer til folk der klatrer gult. Meget anekdotisk har jeg i hvert fald oplevet nogen som ser relativt nye ud forlade hallen efter bare 30min i der der ligner mangel p√• ruter. Det er synd og ikke s√¶rligt inkluderende for nye medlemmer. Og generelt forst√•r jeg ikke hvorfor vi ikke har flere gule problemer. Jeg elsker personligt gule problemer til min opvarmning!""","""Generelt god stemning. For det meste god musik i h√∏jtalerne üîä""",
33,normal,,180,,"""Moonboardet skal op i tr√¶ningsomr√•det""",,
36,normal,,175,,"""Mere crack. Gerne i loft.""",,
42,normal,,180,,,,"""Mindre opgaver, der ikke n√∏dvendigvis kr√¶vede meget arbejde, s√• man selv kan vurdere hvor meget tid man vil bruge """
44,normal,,180,,"""De g√∏r det sgu godt""",,
51,normal,,175,,"""Mega fedt der er rutebyggere, jeg elsker n√•r der kommer nye ruter""",,
53,normal,,175,,,,"""Orientering i bedre tid omkring klubdage. """
54,normal,,170,,"""Jeg syntes det er fedt at mange ruter har sm√• crimp greb!""",,
57,normal,,175,,"""Jeg synes der er meget stor variation ift graderingerne - alts√• feks de bl√• er nogle gange mere gule og andre gange er de meget sv√¶rere end bl√•""",,"""Er meget glad for at v√¶re frivillig i NKK, men mangler bare lidt kommunikation med og fra sekret√¶ren. F√•r ikke svar p√• mine mails ;))"""
60,normal,,175,,"""Der mangler ofte sp√¶ndende problemer udenfor de overh√¶ngende v√¶gge.""","""God stemning. """,
64,normal,,185,,"""Lad v√¶re med at lade comp-stilen overtage """,,
68,normal,,165,,"""I g√∏r det godt!!!""",,"""Vil gerne, mangler tid. K√¶mpe tak til alle de frivillige kr√¶fter - s√¶tter sindssygt meget pris p√• alle jer der f√•r klubben til at v√¶re s√• nice!"""
69,normal,,185,,"""I g√∏r det s√• godt :D, men niveauet er for h√∏jt til mine venner""","""Jeg syntes det er hyggeligt, kender ikke alle. Men mange""","""Det var lidt for meget sidste arbejdsdag. Jeg syntes det skal planl√¶gges bedre. """
70,normal,,175,,"""less \""newstyle\"" and more outdoorish/oldschool, more sitstarts, more topouts. \nmake another section as spraywall (for instance section near lumo - so there is that angle for spraywall too)\nmore workshops as there is big demand for it""",,
72,normal,,175,,"""Ved de h√•rde problemer kunne det v√¶re l√¶kkert hvis de var mere straight forward""",,
75,normal,"""M""",170,,"""Kaos v√¶ggen i midten af klubben, m√•ske kaldet Stoke er meget sv√¶r at bruge da der er alt for mange greb og det er sv√¶rt at se hvilke der h√∏rer sammen.""",,
79,normal,"""M""",185,,"""I overh√¶ng, kunne v√¶re fedt hvis klubben havde \""Freshline Bridges\"", da jeg gerne vil blive bedre til overhang :)\nP√• h√∏jv√¶gen ville det v√¶re fedt med lidt flere sikringspunkter i starten s√• man nemmere kan lave skr√•sikring, hvis man vejer forskelligt, har dog k√∏bt en ohm s√• det er ikke delt helt store problem l√¶ngere:)""","""F√∏ler der er rig mulighed for at blive en del af klubben, skal bare tage mig en at komme til nogle ting""","""Nej, er frivillige en del andre steder s√• nyder bare at bruge klubben :) og s√• skal det nok ske en dag at jeg bliver frivillige :)"""
81,normal,"""M""",180,,"""Statisk, klassisk klatring  ü§§""",,
82,morgen,"""F""",175,,,"""Hvis der var flere ruter der f.eks. var gule, dvs. inkluderende for mit niveau""",
86,normal,"""O""",185,,"""Jeg synes fordelingen af stilarter er meget fin, som den er""","""Jeg f√∏ler mig selv meget inkluderet, men jeg kunne godt t√¶nke mig, at man lavede en dedikeret unders√∏gelse af inklusion i klubben -- alts√• mere end bare et par sp√∏rgsm√•l p√• et sp√∏rgeskema om rutebyg ;)""","""Jeg er allerede frivillig, men jeg kunne godt t√¶nke mig, at det var nemmere for nye, at komme ind -- det kan m√•ske v√¶re sv√¶rt for dem som ikke allerede er 100% stoked p√• klubben, n√•r de f.eks m√∏des med en besked om \""du skal bare skrive til den her mail\"". M√•ske skal man holde flere udvalgsdage, b√•de i de individuelle udvalg, men ogs√• p√• klubniveau (?)"""
88,normal,"""M""",180,,"""Tak for alt jeres arbejde! NKK er en fantastisk klub, og det har I en stor del i :)\nIft. forbedringer, ville det v√¶re fedt med noget mere variation i slab-ruterne.""","""""","""G√∏r det klart, at man kan v√¶re med i en kortere del af klubdagene."""
93,normal,"""M""",165,,"""Test ruterne for h√∏jde forskel p√• mennesker""","""N/A""","""N/A"""
100,normal,"""F""",175,,"""Flere nemme cracks ""","""Sjovt at f√• flere af f√¶lles aktiviteterne tilbage. """,
104,normal,"""M""",180,,"""I g√∏r det generelt virkelig godt, men som nyligt medlem af BETA finder jeg deres ‚Äú√∏vet‚Äù (gul, bl√•) niveauer sjovere. Mist√¶nker de har st√∏rre fokus p√• Power og mindre Grip-typer.""",,
106,normal,"""M""",190,,"""Det kunne v√¶re fedt med oldschool h√∏j densitet i problemer p√• de v√¶gge hvor der er frillig-byg, men at pro-byg v√¶ggen f√•r lov til at have det moderne clean look uden frivilligt byggede problemer oveni.""",,
108,normal,"""M""",185,,"""Til tider varier et sv√¶rhedsgraden en hel del inden for en given gradering""","""Jeg synes man skal overveje en regel, eller itales√¶ttelse, om den meget maskuline kultur der er omkring at klatre uden t√∏j p√• overdelen. NKK er en af de eneste steder jeg har oplevet at det er s√• udbredt, hvilket jeg synes giver klubben en s√¶rlig stemning der appelerer til den ‚Äúh√•rde seje klatrer‚Äù, det er lidt √¶rgerligt. """,
109,normal,"""M""",175,,"""Mere fokus p√• og flere nemmere problemer""",,"""Er allerede frivillig"""
114,normal,"""F""",160,,"""Lav mere rutebyg for kvinder. Megafedt initiativ jeg desv√¶rre ikke kunne deltage i""","""Det kan godt f√∏les intimiderende n√•r der er mange (dygtige og st√¶rke). Is√¶r n√•r de er samlet i grupper og owner stedet. Jeg ville ogs√• karakterisere rummets stemning som lidt maskulint (styrke og m√¶nd der klatrer i bar overkrop)""","""Fx mere rutebyg for kvinder. Der er b√•de noget omkring dygtighed og \""m√¶nd og maskiner\"" p√• spil som kunne v√¶re fedt at bryde lidt med"""
118,normal,"""M""",175,,"""Er alt i alt meget glad for ruterne. Men hvis jeg skal kommentere p√• noget, m√• det v√¶re f√∏lgende:\n\nNogle gange b√¶rer ruterne pr√¶g af at det er starten der skal v√¶re det sv√¶reste, hvilket kan v√¶re en smule demotiverende.\n\nJeg har ikke selv brug for flere nemmere problemer, men jeg tror det ville v√¶re godt for klubben med flere gr√∏nne problemer, s√• nybegyndere har mere at tage sig til. Nogle gange er mit indtryk at der kun et par problemer af gangen til de nye.\n\nGenerelt er jeg dog meget tilfreds med ruterne, og taknemmelig for det arbejde rutebyggerne udf√∏rer for os andre dovne medlemmer.""","""Jeg synes selv jeg pr√∏ver at g√∏re mig umage for at smile og hilse p√• folk, men jeg synes at det virker som om der er en gruppe vanlige medlemmer, is√¶r omkring St√∏kt v√¶ggen, der ikke virker s√¶rligt interesserede I at have noget med \""os andre\"" at g√∏re. Fred v√¶re med det, jeg ignorer det bare. Vi har jo alle forskellige form√•l, vennegrupper, overskud til socialisering osv. Men, jeg synes det er √¶rgerligt at se folk stolt b√¶re NKK t-shirts og samtidig have en \""jeg er bedre end dig\"" attitude.""",""""""
120,normal,"""M""",190,,"""Jeg m√¶rker virkelig at kvaliteten er steget efter vi begyndte at bruge professionelle s√¶ttere. Samtidigt er det super fedt at der l√∏bende bliver tilf√∏jet nye problemer p√• de forskellige sektioner. """,,"""For mit eget tilf√¶lde er det udelukkende pga mig selv og mit skema at jeg ikke er s√• engageret som jeg godt ville v√¶re det. Klubdage ligger desv√¶rre ofte dage jeg ikke kan deltage, s√• jeg fors√∏ger at g√∏re lidt sm√•ting nu og da n√•r jeg er i klubben for at klatre for at f√∏le jeg hj√¶lper bare en smule. """
122,normal,"""M""",190,,"""Flere heel/toe hooks og knee bars ;))""",,
123,morgen,"""M""",180,,"""Synes niveauet er ret h√∏jt, hvilket jeg egenligt synes er fint, men nogle gange synes jeg det er lidt for sv√¶rt, og vil gerne have problemer der ligesom er lidt sv√¶rre l√∏bende. Det vil sige at en bl√• kan v√¶re let og den kan v√¶re sv√¶r, s√• graderne smelter mere sammen s√• jeg over tid kan progress og komme op p√• lilla.""",,
134,normal,"""M""",175,,"""I er seje :)""",,
136,normal,"""M""",170,,"""Jo flere makroer, des bedre""",,
144,normal,"""M""",180,,"""Jeg vil rigtig gerne kunne klatre mere med mine venner p√• lavere niveau, men de har ikke lyst til at g√¶steklatre/blive medlem/ bruge deres medlemskab s√¶rligt meget, fordi niveauet generelt er for h√∏jt. Der er for f√• lette problemer, og udfordringskurven er ret stejl""",,
147,,"""F""",175,,"""Det kunne v√¶re fedt med flere gule overhangs, da jeg ikke f√∏ler jeg rigtig har mulighed for at √∏ve mig i den slags klatring (is√¶r fodplacering), n√•r grebene er for sv√¶re at holde p√•.""","""Folk er bare virkelig s√∏de og hj√¶lpsomme <3""","""Jeg kunne virkelig godt t√¶nke mig at hj√¶lpe mere til i nkk, men klubben 'konkurrere' om mine frivillige kr√¶fter mod andre foreninger, som jeg ogs√• er en del af."""
150,normal,"""M""",185,,"""Ikke andet en at der er stor og m√¶rkbar forskel p√• pro og frivillig.. og jeg elsker det!""",,
152,morgen,"""M""",180,,,"""Jeg er ret ny i klubben, s√• det er sv√¶rt at bed√∏mme, men har flere venner som klatrer dernede og der er generelt fin stemning.""",
157,normal,"""M""",185,,"""Synes generelt der er et godt og varieret niveau, og at tidligere problemer med meget sandbaggede ruter generelt ikke fylder s√• meget mere, b√•de ift. de professionelle rutebyggere og frivillig byg. Hvis jeg klatrer med personer som ikke er s√• h√∏je (har ofte v√¶ret personer der klatrer gul, m√•ske bl√•) oplever jeg lidt at mange problemer er v√¶sentlig sv√¶rere for dem. Selvom det ikke er alles kop te synes jeg at det er rigtig fedt der stadig er en del ruter hvor man skal toppe ud. Det er noget af det jeg virkelig synes giver nkk en anden stil end andre gyms og er jo desuden en evne som ikke er ligetil og derfor rigtig sjov at l√¶re.""",,
158,normal,"""M""",190,,,,"""Mere info om hvad det indeb√¶rer. Nogle gange er det lidt sv√¶rt at vide hvad man skal og hvor l√¶nge det tager."""
160,normal,"""M""",190,,"""I g√∏r det skide godt og der kommer hele tiden nyt op. Helt perfekt.""","""""",
161,normal,"""M""",180,,"""Nicklas er mit idol""",,
170,normal,"""M""",170,,"""Jeg synes, der b√∏r v√¶re langt flere nemme problemer i NKK (her t√¶nker jeg p√• gr√∏nne og gule). De gr√∏nne og gule ruter er dem, som bliver klatret mest, er mit indtryk. Der er relativt mange, som ikke kan klatre bl√• og h√∏jere (inklusiv mine venner og min k√¶reste). Desuden bruger vi alle de nemme ruter til opvarmning""",,
171,normal,"""F""",165,,"""Mindre comp style og evt √¶ndringer i gradueringer. I andre klubber klatre jeg nogenlunde det samme som jeg gjorde sidste √•r men i nkk er jeg g√•et fra f√• r√∏de til kun bl√•.""",,
174,normal,"""M""",170,,,,"""Jeg er frivillig, men har h√∏rt fra nogle folk at morgenmedlemmer er usikre p√• om de m√• deltage til f.eks. klubdag (det m√• de gerne). -Josef"""
176,morgen,"""M""",195,,"""Jeg kunne godt t√¶nke mig l√¶ngere ruter hvor grebene var nemme at holde fast i men hvor distancen p√• problemet og udholdenhed var det der gjorde problemet sv√¶rt. Jeg kunne ogs√• godt t√¶nke mig flere gr√∏nne ruter med overhang. """,,
177,morgen,"""M""",175,,,"""Hils nu n√•r man kommer ind, ogs√• selvom du ikke kender mig""",
179,normal,"""F""",160,,,"""et kvindehold for √∏vet""","""enlig mor, s√• det ville v√¶re lettere for mig hvis det var ok at komme til \""noget\"" /kortere tid af et arrangement"""
186,normal,"""M""",190,,"""Generelt vildt godt arbejde. Oplever dog at problemer i den lette ende er blevet h√•rdere. """,,
